index,ID_geom,order_url
0,20220614_173013_68_2490,https://api.planet.com/compute/ops/orders/v2/2a937ed6-eac3-4b8c-aa05-cffeaea84353
1,20220610_174552_47_227b,https://api.planet.com/compute/ops/orders/v2/4a0ac563-9e15-4b60-9ee5-80c84f33b76e
2,20220618_173129_97_2446,https://api.planet.com/compute/ops/orders/v2/e2e4e220-6337-47fb-ab43-49efdedc18fa
3,20220621_173025_97_2490,https://api.planet.com/compute/ops/orders/v2/c4b34a8c-3e54-4f51-9f48-30680cca6285
4,20220722_174435_02_240c,https://api.planet.com/compute/ops/orders/v2/b831aa84-a9e8-4430-a6a3-625f9c03c447
5,20220525_173032_77_2492,https://api.planet.com/compute/ops/orders/v2/8a6d081a-b438-4439-8df2-44648fbfeea3
6,20220526_165730_00_2451,https://api.planet.com/compute/ops/orders/v2/2d1e2efb-653f-47c5-8a47-2597d5ecabec
7,20220406_175117_65_2405,https://api.planet.com/compute/ops/orders/v2/9f62a823-6fde-4b3a-a84a-380466e760d9
8,20220925_172721_32_222f,https://api.planet.com/compute/ops/orders/v2/ea09da8e-ae24-4656-9b40-b9412e114e2f
9,20220924_175103_09_2413,https://api.planet.com/compute/ops/orders/v2/6daa8391-4201-4570-a3a2-df9996f4905d
10,20220920_172939_56_247b,https://api.planet.com/compute/ops/orders/v2/e5748c90-aa7a-4d27-a0e8-401035e6d418
11,20220919_165813_37_2453,https://api.planet.com/compute/ops/orders/v2/ef61b1e2-0680-477c-90bb-00d462d99d42
12,20220918_165701_10_241e,https://api.planet.com/compute/ops/orders/v2/0a560e13-fcf0-4cc3-90ca-2484948b83a5
13,20220913_173040_63_2495,https://api.planet.com/compute/ops/orders/v2/264a1213-ed2d-4181-b55e-679712ca2eb1
14,20220913_165833_34_2435,https://api.planet.com/compute/ops/orders/v2/89895176-2b7a-4236-970f-15e4e85f8dd5
15,20220912_173406_34_2482,https://api.planet.com/compute/ops/orders/v2/1f6352f2-8d50-4159-9d7e-8fa3cd71792b
16,20220911_165925_73_2434,https://api.planet.com/compute/ops/orders/v2/fb3892dc-3aa2-4f81-b510-5564121af447
17,20220910_173331_48_2486,https://api.planet.com/compute/ops/orders/v2/68464d8e-ca8e-4791-8aca-151caf209895
18,20220907_174551_03_2426,https://api.planet.com/compute/ops/orders/v2/24ef5f6a-0f67-45b0-864b-f9b1989d5052
19,20220905_172940_15_24a3,https://api.planet.com/compute/ops/orders/v2/b715fbc8-2594-46f8-915a-fd39ff76f973
20,20220904_165651_73_2423,https://api.planet.com/compute/ops/orders/v2/965dabd2-09ae-4932-8621-c506ccfbbb18
21,20220829_165707_66_2460,https://api.planet.com/compute/ops/orders/v2/b0d143e5-693d-4236-a6f2-f672c14d0874
22,20220829_173320_36_2492,https://api.planet.com/compute/ops/orders/v2/568503dc-3296-4d9b-bb28-5bfe0762d7c8
23,20220818_165509_87_2459,https://api.planet.com/compute/ops/orders/v2/c04b3576-2c1c-420d-a962-82f5d54f5269
24,20220717_173013_41_247d,https://api.planet.com/compute/ops/orders/v2/6cc53d85-f767-4239-9ee3-565ae79a768a
25,20220709_165814_93_242b,https://api.planet.com/compute/ops/orders/v2/e6eb22a4-7191-4c07-b781-1791c6e3353c
26,20220616_165923_52_2439,https://api.planet.com/compute/ops/orders/v2/adab806b-2f7f-4982-9ccd-18ab863aced5
27,20220613_173207_12_248b,https://api.planet.com/compute/ops/orders/v2/51331089-e317-43a2-8d4e-ede44c376aff
28,20220611_172932_33_2483,https://api.planet.com/compute/ops/orders/v2/63860d00-412a-4c01-b782-9367288f48d2
29,20220610_173003_66_24a4,https://api.planet.com/compute/ops/orders/v2/722dbbf3-22a3-4c4f-a638-32a13ec2fdd1
30,20220609_173032_58_249d,https://api.planet.com/compute/ops/orders/v2/6f0dba90-e90f-490d-936d-28c482343d1e
31,20220608_165851_16_2459,https://api.planet.com/compute/ops/orders/v2/a590546d-10ce-4333-9fa8-74deba718e68
32,20220608_173004_64_2498,https://api.planet.com/compute/ops/orders/v2/78d9afe9-b20d-4314-8d3a-f1fdbde53565
33,20220515_173039_48_248e,https://api.planet.com/compute/ops/orders/v2/f00894b3-ab56-4a84-a898-9cd58fab95ba
34,20220514_170001_22_2448,https://api.planet.com/compute/ops/orders/v2/3299cc76-3ef9-484c-8dc6-8e3260578481
35,20220511_174519_13_241c,https://api.planet.com/compute/ops/orders/v2/618741bb-19ba-42b2-9f2c-5e1918fecef1
36,20220512_173239_30_2477,https://api.planet.com/compute/ops/orders/v2/66e3ce0a-ea18-4e04-a0b0-47e6596a8cbe
37,20220509_171426_13_2276,https://api.planet.com/compute/ops/orders/v2/cb05c76a-ccd9-4d47-b23b-9fe7dd43fcef
38,20220506_173005_62_2489,https://api.planet.com/compute/ops/orders/v2/f0a9d140-e4ab-4c11-902c-a5e14fa067c4
39,20220421_173154_05_2461,https://api.planet.com/compute/ops/orders/v2/f0c6acb2-46ee-4916-a82f-5875311b677b
40,20220421_173301_48_24a5,https://api.planet.com/compute/ops/orders/v2/b5d07371-b3e2-4601-8d8f-85e0c8d06160
41,20220421_170043_03_241e,https://api.planet.com/compute/ops/orders/v2/af10a631-d405-4f02-acc7-edb1b89f6ad2
42,20220327_183408_22_1066,https://api.planet.com/compute/ops/orders/v2/94a51299-6519-497c-9b62-b0ac8a7ff901
